nld,ld,cycles
0.0,0.0,0.0
0.00043051347707900867,5.465436375226567e-05,0.21660717056464085
