SM_revenue,reg_revenue,im_revenue,im_fee,Deg_cost,Deg_cost_by_cycle
22114.6845495255,0.0,-5100.449692481757,82.68693070712719,9169.937061782884,263.64187045867715
